Product Name,Category,Description,Price,User Feedback,Compare Views
iPhone 15,Phones,"Feature-packed phone with fast processor, excellent camera, and long battery life.","₹31,563 - ₹34,580","Good value for money, but could be better.  
 The performance is top-notch, but the price is a bit high.  
 Excellent product! Works perfectly as described.",
Moto G73,Phones,"Feature-packed phone with fast processor, excellent camera, and long battery life.","₹26,710 - ₹67,640","Not happy with the build quality. Needs improvement.  
 Good value for money, but could be better.  
 Amazing product! Exceeded my expectations. | excellent","Previous: Not happy with the build quality. Needs improvement.  
 Good value for money, but could be better.  
 Amazing product! Exceeded my expectations. | New: excellent"
OnePlus 12,Phones,"Feature-packed phone with fast processor, excellent camera, and long battery life.","₹8,154 - ₹43,988","Good value for money, but could be better.  
 Excellent product! Works perfectly as described.  
 Amazing product! Exceeded my expectations.",
Realme GT 5,Phones,"Feature-packed phone with fast processor, excellent camera, and long battery life.","₹3,971 - ₹41,142","Good value for money, but could be better.  
 Excellent product! Works perfectly as described.  
 Delivery was quick, and the product exceeded my expectations.",
Redmi Note 13,Phones,"Feature-packed phone with fast processor, excellent camera, and long battery life.","₹13,353 - ₹48,910","Excellent product! Works perfectly as described.  
 Amazing product! Exceeded my expectations.  
 The performance is top-notch, but the price is a bit high.",
JioBharat Phone,Phones,"Feature-packed phone with fast processor, excellent camera, and long battery life.","₹45,658 - ₹78,028","The performance is top-notch, but the price is a bit high.  
 Delivery was quick, and the product exceeded my expectations.  
 Not happy with the build quality. Needs improvement.",
iQOO Neo 7,Phones,"Feature-packed phone with fast processor, excellent camera, and long battery life.","₹38,533 - ₹76,650","The performance is top-notch, but the price is a bit high.  
 Product is decent, but could use some improvements.  
 Not happy with the build quality. Needs improvement.",
Apple MacBook Air,Laptops,"High-performance laptop suitable for gaming, productivity, and everyday use.","₹37,466 - ₹42,601","Excellent product! Works perfectly as described.  
 Not happy with the build quality. Needs improvement.  
 Good value for money, but could be better.",
Dell XPS 13,Laptops,"High-performance laptop suitable for gaming, productivity, and everyday use.","₹48,449 - ₹55,995","Delivery was quick, and the product exceeded my expectations.  
 Amazing product! Exceeded my expectations.  
 Not happy with the build quality. Needs improvement.
good | v","Previous: Delivery was quick, and the product exceeded my expectations.  
 Amazing product! Exceeded my expectations.  
 Not happy with the build quality. Needs improvement.
good | New: v"
HP Pavilion,Laptops,"High-performance laptop suitable for gaming, productivity, and everyday use.","₹43,993 - ₹56,524","Not happy with the build quality. Needs improvement.  
 Product is decent, but could use some improvements.  
 The performance is top-notch, but the price is a bit high.",
Asus ROG Zephyrus,Laptops,"High-performance laptop suitable for gaming, productivity, and everyday use.","₹38,852 - ₹54,658","The performance is top-notch, but the price is a bit high.  
 Excellent product! Works perfectly as described.  
 Good value for money, but could be better. | good","Previous: The performance is top-notch, but the price is a bit high.  
 Excellent product! Works perfectly as described.  
 Good value for money, but could be better. | New: good"
Lenovo IdeaPad,Laptops,"High-performance laptop suitable for gaming, productivity, and everyday use.","₹15,005 - ₹30,041","The performance is top-notch, but the price is a bit high.  
 Product is decent, but could use some improvements.  
 Good value for money, but could be better.",
Acer Aspire 7,Laptops,"High-performance laptop suitable for gaming, productivity, and everyday use.","₹30,074 - ₹60,822","Product is decent, but could use some improvements.  
 Excellent product! Works perfectly as described.  
 Amazing product! Exceeded my expectations.",
Samsung QLED,Televisions,"Smart TV with 4K resolution, vibrant colors, and immersive sound.","₹26,768 - ₹72,590","Delivery was quick, and the product exceeded my expectations.  
 Not happy with the build quality. Needs improvement.  
 Product is decent, but could use some improvements.",
Sony Bravia,Televisions,"Smart TV with 4K resolution, vibrant colors, and immersive sound.","₹25,543 - ₹65,751","Excellent product! Works perfectly as described.  
 The performance is top-notch, but the price is a bit high.  
 Delivery was quick, and the product exceeded my expectations.",
LG OLED,Televisions,"Smart TV with 4K resolution, vibrant colors, and immersive sound.","₹34,441 - ₹66,922","Good value for money, but could be better.  
 The performance is top-notch, but the price is a bit high.  
 Product is decent, but could use some improvements.",
OnePlus TV,Televisions,"Smart TV with 4K resolution, vibrant colors, and immersive sound.","₹38,577 - ₹77,982","Good value for money, but could be better.  
 Delivery was quick, and the product exceeded my expectations.  
 Product is decent, but could use some improvements.",
Realme Smart TV,Televisions,"Smart TV with 4K resolution, vibrant colors, and immersive sound.","₹33,668 - ₹40,393","Amazing product! Exceeded my expectations.  
 Not happy with the build quality. Needs improvement.  
 Excellent product! Works perfectly as described.",
Samsung Double Door,Refrigerators,Energy-efficient refrigerator with spacious compartments and advanced cooling technology.,"₹10,598 - ₹33,665","Good value for money, but could be better.  
 The performance is top-notch, but the price is a bit high.  
 Delivery was quick, and the product exceeded my expectations.",
LG InstaView,Refrigerators,Energy-efficient refrigerator with spacious compartments and advanced cooling technology.,"₹21,606 - ₹39,219","Amazing product! Exceeded my expectations.  
 The performance is top-notch, but the price is a bit high.  
 Delivery was quick, and the product exceeded my expectations. | osm","Previous: Amazing product! Exceeded my expectations.  
 The performance is top-notch, but the price is a bit high.  
 Delivery was quick, and the product exceeded my expectations. | New: osm"
Whirlpool Frost-Free,Refrigerators,Energy-efficient refrigerator with spacious compartments and advanced cooling technology.,"₹11,168 - ₹52,358","Excellent product! Works perfectly as described.  
 Delivery was quick, and the product exceeded my expectations.  
 Product is decent, but could use some improvements. | good","Previous: Excellent product! Works perfectly as described.  
 Delivery was quick, and the product exceeded my expectations.  
 Product is decent, but could use some improvements. | New: good"
Godrej EdgePro,Refrigerators,Energy-efficient refrigerator with spacious compartments and advanced cooling technology.,"₹43,372 - ₹89,274","Product is decent, but could use some improvements.  
 The performance is top-notch, but the price is a bit high.  
 Not happy with the build quality. Needs improvement.",
Bosch Front Load,Washing Machines,Efficient washing machine with quick wash cycles and silent operation.,"₹26,683 - ₹72,581","Good value for money, but could be better.  
 Excellent product! Works perfectly as described.  
 Amazing product! Exceeded my expectations.",
LG TwinWash,Washing Machines,Efficient washing machine with quick wash cycles and silent operation.,"₹3,503 - ₹22,996","Product is decent, but could use some improvements.  
 The performance is top-notch, but the price is a bit high.  
 Good value for money, but could be better.",
Whirlpool Stainwash,Washing Machines,Efficient washing machine with quick wash cycles and silent operation.,"₹32,411 - ₹56,760","Delivery was quick, and the product exceeded my expectations.  
 Excellent product! Works perfectly as described.  
 Good value for money, but could be better. | it's osm","Previous: Delivery was quick, and the product exceeded my expectations.  
 Excellent product! Works perfectly as described.  
 Good value for money, but could be better. | New: it's osm"
Samsung EcoBubble,Washing Machines,Efficient washing machine with quick wash cycles and silent operation.,"₹18,763 - ₹50,812","Not happy with the build quality. Needs improvement.  
 Delivery was quick, and the product exceeded my expectations.  
 Product is decent, but could use some improvements.",
Daikin Inverter AC,Air Conditioners,Powerful air conditioner with energy-saving inverter technology.,"₹42,425 - ₹73,045","Good value for money, but could be better.  
 Amazing product! Exceeded my expectations.  
 The performance is top-notch, but the price is a bit high.",
LG DualCool,Air Conditioners,Powerful air conditioner with energy-saving inverter technology.,"₹26,203 - ₹62,798","Not happy with the build quality. Needs improvement.  
 Good value for money, but could be better.  
 The performance is top-notch, but the price is a bit high.
excellent","Previous:
Not happy with the build quality. Needs improvement.  
 Good value for money, but could be better.  
 The performance is top-notch, but the price is a bit high.
New:
excellent"
Samsung WindFree,Air Conditioners,Powerful air conditioner with energy-saving inverter technology.,"₹30,169 - ₹55,190","Good value for money, but could be better.  
 The performance is top-notch, but the price is a bit high.  
 Delivery was quick, and the product exceeded my expectations.
good","Previous:
Good value for money, but could be better.  
 The performance is top-notch, but the price is a bit high.  
 Delivery was quick, and the product exceeded my expectations.
New:
good"
Voltas Split AC,Air Conditioners,Powerful air conditioner with energy-saving inverter technology.,"₹18,951 - ₹57,174","Excellent product! Works perfectly as described.  
 Delivery was quick, and the product exceeded my expectations.  
 Product is decent, but could use some improvements.",
Blue Star AC,Air Conditioners,Powerful air conditioner with energy-saving inverter technology.,"₹10,812 - ₹52,283","The performance is top-notch, but the price is a bit high.  
 Delivery was quick, and the product exceeded my expectations.  
 Not happy with the build quality. Needs improvement.",
PlayStation 5,Gaming Consoles,High-performance gaming consoles for an immersive gaming experience.,"₹24,099 - ₹41,101","Product is decent, but could use some improvements.  
 Excellent product! Works perfectly as described.  
 Delivery was quick, and the product exceeded my expectations.",
Xbox Series X,Gaming Consoles,High-performance gaming consoles for an immersive gaming experience.,"₹17,064 - ₹47,831","Excellent product! Works perfectly as described.  
 Product is decent, but could use some improvements.  
 Not happy with the build quality. Needs improvement.",
Nintendo Switch OLED,Gaming Consoles,High-performance gaming consoles for an immersive gaming experience.,"₹23,776 - ₹66,992","Good value for money, but could be better.  
 Product is decent, but could use some improvements.  
 Not happy with the build quality. Needs improvement.",
Samsung Galaxy Watch 5,Smart Watches,Stylish and feature-rich smartwatches for fitness tracking and smartphone integration.,"₹36,252 - ₹54,021","Not happy with the build quality. Needs improvement.  
 Amazing product! Exceeded my expectations.  
 The performance is top-notch, but the price is a bit high.",
Garmin Forerunner 945,Smart Watches,Stylish and feature-rich smartwatches for fitness tracking and smartphone integration.,"₹22,072 - ₹23,306","Amazing product! Exceeded my expectations.  
 Product is decent, but could use some improvements.  
 Excellent product! Works perfectly as described.
super product","Previous:
Amazing product! Exceeded my expectations.  
 Product is decent, but could use some improvements.  
 Excellent product! Works perfectly as described.
New:
super product"
Fossil Gen 6,Smart Watches,Stylish and feature-rich smartwatches for fitness tracking and smartphone integration.,"₹9,131 - ₹30,287","Excellent product! Works perfectly as described.  
 Delivery was quick, and the product exceeded my expectations.  
 The performance is top-notch, but the price is a bit high.",
